日期,姓名,省份,市区,地址,邮编
2023-08-26,张三,广东省,深圳市,xxx街道xxx号,518000
2023-08-25,李四,北京市,朝阳区,yyy街道yyy号,100000
2023-08-24,王五,上海市,徐汇区,zzz街道zzz号,200000
2023-08-23,赵六,江苏省,南京市,aaa街道aaa号,210000
2023-08-22,刘七,浙江省,杭州市,bbb街道bbb号,310000
2023-08-21,陈八,广东省,广州市,ccc街道ccc号,510000
2023-08-20,杨九,四川省,成都市,ddd街道ddd号,610000
2023-08-19,黄十,湖南省,长沙市,eee街道eee号,410000
2023-08-18,周十一,江西省,南昌市,fff街道fff号,330000
2023-08-17,吴十二,河南省,郑州市,ggg街道ggg号,450000
2023-08-16,朱十三,辽宁省,沈阳市,hhh街道hhh号,110000
2023-08-15,冯十四,湖北省,武汉市,iii街道iii号,430000
2023-08-14,许十五,山东省,济南市,jjj街道jjj号,250000
2023-08-13,李十六,福建省,福州市,kkk街道kkk号,350000
2023-08-12,王十七,广东省,深圳市,lll街道lll号,518000
2023-08-11,赵十八,北京市,朝阳区,mmm街道mmm号,100000
2023-08-10,钱十九,上海市,徐汇区,nnn街道nnn号,200000
2023-08-09,孙二十,江苏省,南京市,ooo街道ooo号,210000
2023-08-08,李二十一,浙江省,杭州市,ppp街道ppp号,310000
2023-08-07,周二十二,广东省,广州市,qqq街道qqq号,510000
2023-08-06,吴二十三,四川省,成都市,rrr街道rrr号,610000
2023-08-05,郑二十四,湖南省,长沙市,sss街道sss号,410000
2023-08-04,王二十五,江西省,南昌市,ttt街道ttt号,330000
2023-08-03,赵二十六,河南省,郑州市,uuu街道uuu号,450000
2023-08-02,孙二十七,辽宁省,沈阳市,vvv街道vvv号,110000
2023-08-01,李二十八,湖北省,武汉市,www街道www号,430000
2023-07-31,周二十九,山东省,济南市,xxx街道xxx号,250000
2023-07-30,吴三十,福建省,福州市,yyy街道yyy号,350000
2023-07-29,郑三十一,广东省,深圳市,zzz街道zzz号,518000
2023-07-28,王三十二,北京市,朝阳区,aaa街道aaa号,100000
2023-07-27,李三十三,上海市,徐汇区,bbb街道bbb号,200000
2023-07-26,赵三十四,江苏省,南京市,ccc街道ccc号,210000
2023-07-25,孙三十五,浙江省,杭州市,ddd街道ddd号,310000
2023-07-24,周三十六,广东省,广州市,eee街道eee号,510000
2023-07-23,吴三十七,四川省,成都市,fff街道fff号,610000
2023-07-22,郑三十八,湖南省,长沙市,ggg街道ggg号,410000
2023-07-21,李三十九,江西省,南昌市,hhh街道hhh号,330000
2023-07-20,王四十,河南省,郑州市,iii街道iii号,450000
2023-07-19,赵四十一,辽宁省,沈阳市,jjj街道jjj号,110000
2023-07-18,孙四十二,湖北省,武汉市,kkk街道kkk号,430000
2023-07-17,钱四十三,山东省,济南市,lll街道lll号,250000
2023-07-16,周四十四,福建省,福州市,mmm街道mmm号,350000
2023-07-15,吴四十五,广东省,深圳市,nnn街道nnn号,518000
2023-07-14,郑四十六,北京市,朝阳区,ooo街道ooo号,100000
2023-07-13,李四十七,上海市,徐汇区,ppp街道ppp号,200000
2023-07-12,王四十八,江苏省,南京市,qqq街道qqq号,210000
2023-07-11,赵四十九,浙江省,杭州市,rrr街道rrr号,310000
2023-07-10,孙五十,广东省,广州市,sss街道sss号,510000
2023-07-09,钱五十一,四川省,成都市,ttt街道ttt号,610000
2023-07-08,李五十二,湖南省,长沙市,uuu街道uuu号,410000
2023-07-07,周五十三,江西省,南昌市,vvv街道vvv号,330000
2023-07-06,吴五十四,河南省,郑州市,www街道www号,450000
2023-07-05,赵五十五,辽宁省,沈阳市,xxx街道xxx号,110000
2023-07-04,孙五十六,湖北省,武汉市,yyy街道yyy号,430000
2023-07-03,钱五十七,山东省,济南市,zzz街道zzz号,250000
2023-07-02,王五十八,福建省,福州市,aaa街道aaa号,350000
2023-07-01,赵五十九,广东省,深圳市,bbb街道bbb号,518000
2023-06-30,孙六十,北京市,朝阳区,ccc街道ccc号,100000
2023-06-29,李六十一,上海市,徐汇区,ddd街道ddd号,200000
2023-06-28,周六十二,江苏省,南京市,eee街道eee号,210000
2023-06-27,吴六十三,浙江省,杭州市,fff街道fff号,310000
2023-06-26,郑六十四,广东省,广州市,ggg街道ggg号,510000
2023-06-25,李六十五,四川省,成都市,hhh街道hhh号,610000
2023-06-24,赵六十六,湖南省,长沙市,iii街道iii号,410000
2023-06-23,孙六十七,江西省,南昌市,jjj街道jjj号,330000
2023-06-22,吴六十八,河南省,郑州市,kkk街道kkk号,450000
2023-06-21,钱六十九,辽宁省,沈阳市,lll街道lll号,110000
2023-06-20,王七十,湖北省,武汉市,mmm街道mmm号,430000
